Name,First Name,Last Name,Email,Country Code,Local Phone Number
Simone Johnson,Simone,Johnson,wright.barry@hotmail.com,27,499997438
Lauren Pretorius,Lauren,Pretorius,bmeyer@webmail.co.za,27,210333900
siphokazi Swartz,siphokazi,Swartz,lucas.young@vodamail.co.za,27,131748438
Joseph Dreyer,Joseph,Dreyer,gregory.vandenheever@vodamail.co.za,27,231817737
sibongile Jansen van Vuuren,sibongile,Jansen van Vuuren,keith87@hotmail.com,27,119088838
Malcolm Rautenbach,Malcolm,Rautenbach,charl46@horn.nis.za,27,440919307
Garth Molefe,Garth,Molefe,miss.may@gmail.com,27,421614638
Janine Van Dyk,Janine,Van Dyk,fmogale@hotmail.com,27,573304179
Charl Baker,Charl,Baker,richards.nhlanhla@khoza.nom.za,27,578319680
Nicole Mbatha,Nicole,Mbatha,lee.vanjaarsveld@richards.fs.school.za,27,210825738
Pierre Mlambo,Pierre,Mlambo,fjames@marx.co.za,27,497203530
Nozipho John,Nozipho,John,iroos@yahoo.com,27,179124114
Craig Adams,Craig,Adams,justin.cassim@makhanya.edu.za,27,236521571
Yvonne Phiri,Yvonne,Phiri,lmasilela@webmail.co.za,27,277191993
Steven Dhlamini,Steven,Dhlamini,nscheepers@yahoo.com,27,336305136
lindiwe Thompson,lindiwe,Thompson,celeste.baloyi@webmail.co.za,27,356458785
Malcolm Phiri,Malcolm,Phiri,theresa.kruger@gmail.com,27,177367023
Nozipho Van Dyk,Nozipho,Van Dyk,stefan66@yahoo.com,27,316836062
Tsholofelo Kunene,Tsholofelo,Kunene,brandon04@twala.law.za,27,577079669
Willie Rikhotso,Willie,Rikhotso,innocent19@gmail.com,27,117950943
Lungile Letsoalo,Lungile,Letsoalo,sifiso73@yahoo.com,27,434637771
Fatima Tshabalala,Fatima,Tshabalala,gsaunders@gmail.com,27,230093370
nhlanhla Pule,nhlanhla,Pule,mlambo.itumeleng@hotmail.com,27,325970584
Bianca Govender,Bianca,Govender,thandeka.vanrensburg@webmail.co.za,27,548022668
Portia Bailey,Portia,Bailey,scheepers.refiloe@mkhabela.com,27,338760389
Faith Tsotetsi,Faith,Tsotetsi,andries.msibi@yahoo.com,27,147623451
Estelle Schmidt,Estelle,Schmidt,ismail.bulelwa@vodamail.co.za,27,420631087
Pieter Nene,Pieter,Nene,vandeventer.christo@nieuwoudt.law.za,27,480350843
Simon Govender,Simon,Govender,wshabalala@olivier.co.za,27,589586269
Lungile Ncube,Lungile,Ncube,samuels.lynn@pietersen.co.za,27,110461356
Takalani De Lange,Takalani,De Lange,tracy.mbatha@yahoo.com,27,271884154
Rene Campbell,Rene,Campbell,louw.brenda@hotmail.com,27,495535290
Rebecca Bezuidenhout,Rebecca,Bezuidenhout,umasilela@miller.net.za,27,479287040
Robin Taylor,Robin,Taylor,jerome64@duplooy.grondar.za,27,577534208
Antoinette Harrison,Antoinette,Harrison,beukes.bruce@vodamail.co.za,27,423080257
Lesley Snyman,Lesley,Snyman,wynand.hadebe@webmail.co.za,27,463743287
Christina Vorster,Christina,Vorster,thandi58@webmail.co.za,27,426719204
Dumisani Ledwaba,Dumisani,Ledwaba,charmaine.buthelezi@vorster.edu.za,27,364782110
Contact  Marshall,Contact, Marshall,nortje.katlego@taljaard.web.za,27,499471819
Sandra Peters,Sandra,Peters,akekana@skosana.ac.za,27,182136659
Denise Viljoen,Denise,Viljoen,daniels.pieter@terblanche.nis.za,27,227626765
Isaac Opperman,Isaac,Opperman,karabo.dejager@gmail.com,27,275387813
thandeka Masemola,thandeka,Masemola,takalani78@legodi.ac.za,27,577312446
Patrick De Bruyn,Patrick,De Bruyn,ywalker@gmail.com,27,231319716
Alexander Naudé,Alexander,Naudé,hmthombeni@vodamail.co.za,27,142485191
Fatima De Villiers,Fatima,De Villiers,sandrews@moloto.ecape.school.za,27,359480698
Vanessa Swartz,Vanessa,Swartz,omulder@morgan.agric.za,27,492020236
Pamela Moses,Pamela,Moses,njansenvanrensburg@potgieter.nw.school.za,27,120309607
fikile Clarke,fikile,Clarke,johannes41@webmail.co.za,27,288807817
Allan May,Allan,May,bongiwe55@vodamail.co.za,27,548970126
Mike King,Mike,King,ghendricks@webmail.co.za,27,286301849
Nicolaas Maleka,Nicolaas,Maleka,vincent87@williams.org.za,27,573197958
Lucky Nell,Lucky,Nell,zmofokeng@yahoo.com,27,244747551
Liezel Mohamed,Liezel,Mohamed,jacques.dladla@moses.co.za,27,274021271
Thapelo Marshall,Thapelo,Marshall,mdluli.peter@gmail.com,27,161370357
Jonathan Magagula,Jonathan,Magagula,vmashinini@yahoo.com,27,282042931
Natalie Jones,Natalie,Jones,anne.phillips@yahoo.com,27,271424767
Pierre Loubser,Pierre,Loubser,thulani57@cassim.web.za,27,345278488
Grant Mulder,Grant,Mulder,lbrown@gmail.com,27,110584237
Riaan Brink,Riaan,Brink,bsolomons@masilela.gov.za,27,178315248
Bradley Gerber,Bradley,Gerber,vstewart@webmail.co.za,27,218402003
Eugene van der Linde,Eugene,van der Linde,deklerk.bulelwa@vodamail.co.za,27,574393801
Nick Bennett,Nick,Bennett,rdhlamini@webmail.co.za,27,538759311
Stefan Modiba,Stefan,Modiba,leroux.contact@strauss.gov.za,27,574346141
Zanele Adams,Zanele,Adams,juan07@yahoo.com,27,446678903
Simone Human,Simone,Human,ndasilva@govender.fs.school.za,27,322245565
Patience Solomons,Patience,Solomons,moses.mabuza@yahoo.com,27,123614994
Andrew Nkabinde,Andrew,Nkabinde,brandon.nene@butler.law.za,27,273879165
Lungile Nelson,Lungile,Nelson,kagiso.wolmarans@webmail.co.za,27,284701729
Cheryl Mulaudzi,Cheryl,Mulaudzi,ashley02@mazibuko.wcape.school.za,27,567245421
Stephan Conradie,Stephan,Conradie,kabelo.baker@koekemoer.wcape.school.za,27,124743623
Joyce Shongwe,Joyce,Shongwe,dutoit.arthur@visser.co.za,27,179979064
Julia Malan,Julia,Malan,elaine.mthethwa@hotmail.com,27,446382854
Palesa Turner,Palesa,Turner,motsepe.joyce@yahoo.com,27,288841582
Your Cronje,Your,Cronje,matthews.nico@oberholzer.edu.za,27,562540884
nosipho Ngwenya,nosipho,Ngwenya,andiswa33@greyling.ncape.school.za,27,363058509
Andries Mhlongo,Andries,Mhlongo,hlatshwayo.lisa@gmail.com,27,583952944
Phillip Baker,Phillip,Baker,roger34@kleynhans.ncape.school.za,27,488133149
Nicolaas Adam,Nicolaas,Adam,adams.mashudu@gmail.com,27,574761764
Mary Tladi,Mary,Tladi,mmthembu@maluleke.ecape.school.za,27,365445533
Kabelo Scott,Kabelo,Scott,kleynhans.janine@gmail.com,27,422998210
Clifford van Deventer,Clifford,van Deventer,rhenning@hotmail.com,27,511451974
Jacques Pretorius,Jacques,Pretorius,msibi.linda@vodamail.co.za,27,316787477
Tshegofatso Magagula,Tshegofatso,Magagula,abigail23@manamela.ecape.school.za,27,247716253
Nicholas Nxumalo,Nicholas,Nxumalo,refiloe.bennett@swart.agric.za,27,477899440
Wynand van der Walt,Wynand,van der Walt,cecilia08@horn.co.za,27,182034720
Adriaan Evans,Adriaan,Evans,ahmed.alberts@ntombela.co.za,27,442593465
Nicole Snyman,Nicole,Snyman,brown.fatima@cilliers.ecape.school.za,27,347245936
Jeffrey Street,Jeffrey,Street,bruce50@fortuin.nw.school.za,27,337638328
Nicole Manamela,Nicole,Manamela,kumalo.theresa@walters.law.za,27,360381004
Nomfundo Roux,Nomfundo,Roux,dmashigo@booysen.net.za,27,367787809
Louise Motloung,Louise,Motloung,rachel.mncube@hughes.agric.za,27,139345393
Daniel Brand,Daniel,Brand,zmajola@legodi.co.za,27,577687042
Karabo Venter,Karabo,Venter,janet53@hotmail.com,27,573714268
Julian Swartz,Julian,Swartz,harmse.marthinus@gmail.com,27,585533228
takalani Matlala,takalani,Matlala,radebe.aubrey@pietersen.ac.za,27,234291739
Dimakatso Malan,Dimakatso,Malan,khosa.sipho@jansevanrensburg.kzn.school.za,27,424150984
Thapelo Mahomed,Thapelo,Mahomed,bezuidenhout.jerome@gmail.com,27,453250017
Russell Nkosi,Russell,Nkosi,vosloo.stephanie@hotmail.com,27,242357849
Riaan Wood,Riaan,Wood,martha.govender@shongwe.net.za,27,548785253
nonhlanhla Morris,nonhlanhla,Morris,hshabangu@yahoo.com,27,536848362
yolandi Naicker,yolandi,Naicker,unathi30@makhanya.ac.za,27,323079777
Yvette Gouws,Yvette,Gouws,vandyk.andre@vodamail.co.za,27,338968671
Ben Taljaard,Ben,Taljaard,thulani.erasmus@dladla.kzn.school.za,27,351199713
Kelebogile Lombard,Kelebogile,Lombard,johannes.kelly@vodamail.co.za,27,547867452
Rudi Prinsloo,Rudi,Prinsloo,kelebogile32@webmail.co.za,27,485731123
Ernest van den Heever,Ernest,van den Heever,vanderberg.kagiso@scott.org.za,27,544515333
Sarah Nkuna,Sarah,Nkuna,megan67@jansen.wcape.school.za,27,125265949
Daniel Booysen,Daniel,Booysen,johannes56@taljaard.co.za,27,447427938
Rene Bennett,Rene,Bennett,zandile09@mkhize.web.za,27,575546427
Taryn Herbst,Taryn,Herbst,shaun.stevens@naidu.com,27,327454248
Wynand Adam,Wynand,Adam,bester.irene@mitchell.ncape.school.za,27,441108047
To  Watson,To, Watson,teboho69@mashinini.grondar.za,27,367827341
personal Van Den Berg,personal,Van Den Berg,nkosinathi.nkosi@hotmail.com,27,133930099
Yolandi Simpson,Yolandi,Simpson,bothma.emmanuel@vermaak.ncape.school.za,27,173768070
Gabriel Slabbert,Gabriel,Slabbert,govender.lawrence@hotmail.com,27,498204480
Sean Potgieter,Sean,Potgieter,shaun84@webmail.co.za,27,284331024
Jacobus Malatji,Jacobus,Malatji,dumisani.arendse@webmail.co.za,27,566912492
Emmanuel Govender,Emmanuel,Govender,adrian54@webmail.co.za,27,232687528
Simon Vermaak,Simon,Vermaak,barry.hughes@motaung.nw.school.za,27,121671809
Jeffrey Swanepoel,Jeffrey,Swanepoel,zuma.barry@yahoo.com,27,560212302
Frans Mazibuko,Frans,Mazibuko,ntshangase.daniel@yahoo.com,27,321064781
Andiswa Mtsweni,Andiswa,Mtsweni,louw.heather@harrison.grondar.za,27,235298559
zandile Schmidt,zandile,Schmidt,nel.thomas@yahoo.com,27,575191694
Richard Manamela,Richard,Manamela,dasilva.babalwa@fisher.lp.school.za,27,566544048
Andiswa Koekemoer,Andiswa,Koekemoer,riaan.mkhize@yahoo.com,27,544735446
Michael Naudé,Michael,Naudé,steven.mokwena@mbatha.web.za,27,366312675
Hannes Greyling,Hannes,Greyling,gventer@uys.ncape.school.za,27,359969352
Lisa Masilela,Lisa,Masilela,joe.james@yahoo.com,27,567864751
Henry Müller,Henry,Müller,qjordaan@scheepers.mpm.za,27,281561633
bulelwa Skosana,bulelwa,Skosana,cooper.fatima@vermeulen.grondar.za,27,543631783
Ashley Du Preez,Ashley,Du Preez,green.thapelo@harmse.lp.school.za,27,334767947
Lungile Vilakazi,Lungile,Vilakazi,judith.molefe@hotmail.com,27,419167187
Nozipho Maake,Nozipho,Maake,gabriel.mohale@miller.lp.school.za,27,413402808
Craig Shabalala,Craig,Shabalala,ismail.abraham@hotmail.com,27,573039248
Steve Strydom,Steve,Strydom,william.vanzyl@munyai.gov.za,27,235685224
Beverley du Plessis,Beverley,du Plessis,yvonne32@mahomed.co.za,27,280610494
Elizabeth Masemola,Elizabeth,Masemola,evans.kagiso@gmail.com,27,137647044
Roxanne Phiri,Roxanne,Phiri,mudau.unathi@loubser.ecape.school.za,27,168858925
Monique Joubert,Monique,Joubert,colleen33@palmer.edu.za,27,429414335
Denise Langa,Denise,Langa,details.your@gmail.com,27,117954882
Sydney Pillay,Sydney,Pillay,ehughes@gmail.com,27,271896084
Contact  Davis,Contact, Davis,susan60@webmail.co.za,27,346451378
Douglas Groenewald,Douglas,Groenewald,desiree63@maphumulo.ecape.school.za,27,349136700
John Arendse,John,Arendse,pienaar.gugu@gmail.com,27,412461682
nonhlanhla van der Westhuizen,nonhlanhla,van der Westhuizen,xharrison@vermaak.grondar.za,27,362707470
Teboho De Bruyn,Teboho,De Bruyn,jthompson@vodamail.co.za,27,369114025
Riaan Barnes,Riaan,Barnes,nicola.kriel@webmail.co.za,27,562673200
karabo Taylor,karabo,Taylor,roger28@hotmail.com,27,347416691
Your Ahmed,Your,Ahmed,rvanderberg@letsoalo.ncape.school.za,27,454525983
Greg Neethling,Greg,Neethling,jean22@webmail.co.za,27,363947575
Sam Moodley,Sam,Moodley,nkuna.thando@mostert.com,27,534979510
Debbie van Niekerk,Debbie,van Niekerk,patience.manamela@hotmail.com,27,176492484
Gideon Vilakazi,Gideon,Vilakazi,ilawrence@webmail.co.za,27,359359011
Darren Van Schalkwyk,Darren,Van Schalkwyk,takalani91@gmail.com,27,182864759
John Buys,John,Buys,njordaan@hotmail.com,27,364957917
Judith Peter,Judith,Peter,johann.mathebula@nieuwoudt.com,27,358875545
Marlene Meyer,Marlene,Meyer,itumeleng.hendricks@taljaard.wcape.school.za,27,450893859
Benjamin Benjamin,Benjamin,Benjamin,masilela.grant@vodamail.co.za,27,567771850
Lynn van der Linde,Lynn,van der Linde,gabriel.baloyi@hotmail.com,27,532689879
Jabulani Masuku,Jabulani,Masuku,nicolaas75@webmail.co.za,27,420514693
Gert Motloung,Gert,Motloung,ismail.william@masemola.fs.school.za,27,485869209
Jeremy Hlongwane,Jeremy,Hlongwane,dineo10@yahoo.com,27,127624924
Karin Henning,Karin,Henning,natasha.bell@details.ac.za,27,323589594
Thulani Maake,Thulani,Maake,pierre.coetzee@coetzer.law.za,27,139071480
Francis Peter,Francis,Peter,henry97@park.gov.za,27,445024845
Martha Hughes,Martha,Hughes,nicole07@arendse.nw.school.za,27,351929109
barend Sibisi,barend,Sibisi,siphokazi.dlamini@ngobeni.gp.school.za,27,543912948
Takalani Xaba,Takalani,Xaba,chetty.next@gmail.com,27,561225066
Warren White,Warren,White,julie.debruyn@mbatha.net.za,27,356593490
Andries Chetty,Andries,Chetty,gerrit52@greeff.org.za,27,230070625
Malcolm Shabangu,Malcolm,Shabangu,oberholzer.hannes@yahoo.com,27,453130464
Donald Maree,Donald,Maree,kumar.tracey@dupreez.nom.za,27,337154589
Edward van Tonder,Edward,van Tonder,kabelo29@botes.gov.za,27,110125500
Judith Bester,Judith,Bester,karabo.radebe@hotmail.com,27,573907853
Peter Watson,Peter,Watson,beukes.lucas@vodamail.co.za,27,275430207
Rob September,Rob,September,shawn.brown@mpofu.agric.za,27,518772243
Barend Williams,Barend,Williams,pather.werner@yahoo.com,27,131344944
Victoria Buys,Victoria,Buys,mamabolo.thembi@magagula.co.za,27,111095599
Shaun Cilliers,Shaun,Cilliers,justin.mchunu@mlangeni.lp.school.za,27,567236357
Kagiso Masango,Kagiso,Masango,hattingh.julia@gmail.com,27,311316149
Yvette Basson,Yvette,Basson,ntwala@engelbrecht.net,27,431558763
Busisiwe Move,Busisiwe,Move,nicolene32@williams.fs.school.za,27,477370429
Alan Khoza,Alan,Khoza,ckhoza@moloto.ac.za,27,162188853
Musa Nxumalo,Musa,Nxumalo,nkosi.cynthia@tladi.net.za,27,514453414
Daniel Mashele,Daniel,Mashele,vanvuuren.gerald@yahoo.com,27,459800800
kelebogile Magagula,kelebogile,Magagula,mabunda.asanda@hotmail.com,27,362144046
Thulani Roos,Thulani,Roos,janet.palmer@yahoo.com,27,131919220
Thando Cilliers,Thando,Cilliers,groenewald.zandile@oberholzer.nom.za,27,220731632
Warren De Wet,Warren,De Wet,wnzimande@yahoo.com,27,433243771
Mr.  Zwane,Mr., Zwane,ronel02@webmail.co.za,27,491801359
Thembi Mnisi,Thembi,Mnisi,mohlala.nthabiseng@bennett.law.za,27,270104137
Cornelius Swanepoel,Cornelius,Swanepoel,albert05@motloung.org.za,27,274049893
Andrea Mtsweni,Andrea,Mtsweni,maphumulo.elaine@mphahlele.ac.za,27,272956638
Nathan Khan,Nathan,Khan,cbooysen@vorster.grondar.za,27,212607687
Alexander Moosa,Alexander,Moosa,mario.moloi@vanaswegen.co.za,27,133525599
karabo Pieterse,karabo,Pieterse,sizwe.anthony@kekana.net,27,160468148
Adrian Sibanda,Adrian,Sibanda,personal34@gmail.com,27,184317456
Ronald Naidu,Ronald,Naidu,engelbrecht.sifiso@debeer.law.za,27,571706194
Asanda Maluleke,Asanda,Maluleke,carel.potgieter@yahoo.com,27,275836149
David Zulu,David,Zulu,marthinus.vorster@motsepe.net,27,354645808
Contact  Muller,Contact, Muller,vanderwesthuizen.vuyokazi@khanyile.nis.za,27,272643694
Nick Rautenbach,Nick,Rautenbach,jacobs.julie@yahoo.com,27,231765533
refiloe Mokoena,refiloe,Mokoena,yolandi.ngwenya@grobler.fs.school.za,27,311201511
Ursula Barnes,Ursula,Barnes,taylor.jacobus@hotmail.com,27,249694653
Vanessa Kleynhans,Vanessa,Kleynhans,amokone@maleka.gov.za,27,368236804
Heather Hadebe,Heather,Hadebe,terence28@vodamail.co.za,27,124100167
Nosipho Lee,Nosipho,Lee,priscilla81@davids.school.za,27,327798798
Andiswa Kunene,Andiswa,Kunene,thulani08@gmail.com,27,275248484
Mashudu Vermeulen,Mashudu,Vermeulen,robertson.sizwe@gmail.com,27,473875465
Maria Joseph,Maria,Joseph,ngema.david@vodamail.co.za,27,186626388
Craig Phillips,Craig,Phillips,gordon.vorster@vodamail.co.za,27,570954784
Kevin Johnson,Kevin,Johnson,bphiri@nhlapo.ncape.school.za,27,273065027
Melanie Joubert,Melanie,Joubert,chantelle60@gmail.com,27,322949932
Jeanette  Minnaar,Jeanette, Minnaar,garth.moosa@simelane.co.za,27,246111396
sello Lee,sello,Lee,donald.move@patel.co.za,27,349370620
Nompumelelo van Niekerk,Nompumelelo,van Niekerk,lisa72@dewet.web.za,27,468928974
Musa Nel,Musa,Nel,vletsoalo@nelson.gp.school.za,27,164005116
Hannes Petersen,Hannes,Petersen,rwalters@yahoo.com,27,279939466
kagiso Mkhwanazi,kagiso,Mkhwanazi,scheepers.mr@grobler.kzn.school.za,27,184819542
Thulani Buthelezi,Thulani,Buthelezi,dmabuza@makhanya.com,27,229224765
Dumisani Mathe,Dumisani,Mathe,debbie17@gmail.com,27,463011926
Mandisa Mudau,Mandisa,Mudau,kgrobler@mulder.com,27,369200241
Alan Khanyile,Alan,Khanyile,yolandi23@yahoo.com,27,362786041
Craig Mouton,Craig,Mouton,auys@mostert.mil.za,27,577353286
Lorraine Neethling,Lorraine,Neethling,gwood@sibanda.nom.za,27,164619728
Roxanne Details,Roxanne,Details,fisher.maureen@hlongwane.wcape.school.za,27,246770647
Siphokazi Shongwe,Siphokazi,Shongwe,liezel57@mohamed.wcape.school.za,27,432041422
Thembi Maluleka,Thembi,Maluleka,lloyd.moosa@gmail.com,27,455079004
Monica Hlongwane,Monica,Hlongwane,exaba@goosen.net.za,27,163587004
Trevor Boshoff,Trevor,Boshoff,contact83@hotmail.com,27,241219890
Bongiwe Slabbert,Bongiwe,Slabbert,lorraine.vilakazi@yahoo.com,27,334380319
Morne Zwane,Morne,Zwane,yvonne02@gmail.com,27,410429898
Lerato Twala,Lerato,Twala,carstens.andre@wessels.nw.school.za,27,350689116
Nathan Govender,Nathan,Govender,nelson.johannes@vodamail.co.za,27,427815134
Philip Richards,Philip,Richards,mandisa95@hotmail.com,27,450554335
Lloyd Stewart,Lloyd,Stewart,qsibeko@vodamail.co.za,27,549360037
Victor Legodi,Victor,Legodi,rcronje@vodamail.co.za,27,472470069
Justin Schmidt,Justin,Schmidt,johanna85@duma.org.za,27,519339204
Veronica Zwane,Veronica,Zwane,gmaphumulo@motloung.ncape.school.za,27,569368131
Vuyokazi Adam,Vuyokazi,Adam,zgoosen@yahoo.com,27,411656780
Rudi Sibiya,Rudi,Sibiya,mlangeni.jennifer@vodamail.co.za,27,311857151
Gordon Majola,Gordon,Majola,nonhlanhla.kriel@yahoo.com,27,544729773
Nick Salie,Nick,Salie,kjohnson@maphumulo.ac.za,27,548790331
Siyabonga Merwe,Siyabonga,Merwe,oshabalala@yahoo.com,27,351816676
Monique Nhlapo,Monique,Nhlapo,mashaba.candice@may.agric.za,27,568688802
Malcolm De Wet,Malcolm,De Wet,hgounden@buys.ncape.school.za,27,542597769
Raymond Motaung,Raymond,Motaung,sipho00@yahoo.com,27,540007299
Anne Joubert,Anne,Joubert,scheepers.nomfundo@vodamail.co.za,27,151433771
Brent Maseko,Brent,Maseko,igreeff@devilliers.agric.za,27,114792635
Sean Sithole,Sean,Sithole,tnxumalo@vodamail.co.za,27,329696891
Frederick Mabuza,Frederick,Mabuza,naude.sibusiso@white.org.za,27,175457188
Danie Van Jaarsveld,Danie,Van Jaarsveld,nozipho34@jonker.web.za,27,277947433
Frank Pillay,Frank,Pillay,xallie@koen.co.za,27,156353944
Linda Mabena,Linda,Mabena,dumisani79@vodamail.co.za,27,344283543
Teboho Watson,Teboho,Watson,vmazibuko@vodamail.co.za,27,141385427
Alison Morgan,Alison,Morgan,christiaan08@yahoo.com,27,531361927
Celeste Butler,Celeste,Butler,lombard.brent@claassen.ac.za,27,356838338
Nthabiseng Ferreira,Nthabiseng,Ferreira,xmaharaj@gmail.com,27,458601585
Lebohang Mphahlele,Lebohang,Mphahlele,sntshangase@webmail.co.za,27,324730471
Nicola Pretorius,Nicola,Pretorius,hvisser@solomon.school.za,27,117208000
Ingrid Miller,Ingrid,Miller,bernard.oosthuizen@lewis.net.za,27,336050552
Mandisa Greyling,Mandisa,Greyling,svisagie@louw.gp.school.za,27,227670599
Mark Jacobs,Mark,Jacobs,wright.nhlanhla@yahoo.com,27,126774869
Marius May,Marius,May,makhubela.gary@hotmail.com,27,487095389
Mashudu Naidoo,Mashudu,Naidoo,debbie.twala@vodamail.co.za,27,311340140
Ruth Wright,Ruth,Wright,pearl15@hotmail.com,27,274395523
Themba Thwala,Themba,Thwala,nonhlanhla37@clark.com,27,486299476
Jane van der Westhuizen,Jane,van der Westhuizen,imsibi@jones.co.za,27,586596457
sibongile Padayachee,sibongile,Padayachee,wilson.phumzile@hotmail.com,27,530738387
Bradley Mouton,Bradley,Mouton,makhanya.sifiso@vanzyl.co.za,27,282949358
Dennis Zwane,Dennis,Zwane,lcilliers@webmail.co.za,27,570623489
Tumelo Bouwer,Tumelo,Bouwer,ptaljaard@hugo.com,27,322667237
Fikile Chauke,Fikile,Chauke,carla.ncube@debruyn.mil.za,27,141854940
Lee-ann Van Den Berg,Lee-ann,Van Den Berg,thando47@burger.com,27,347448718
Joe Mashinini,Joe,Mashinini,fvanaswegen@motsepe.com,27,577678891
Gail Potgieter,Gail,Potgieter,jacob.prinsloo@gmail.com,27,578526675
Jabulani Bosman,Jabulani,Bosman,teboho.green@gmail.com,27,485920903
Refiloe Sibisi,Refiloe,Sibisi,hannes.ismail@yahoo.com,27,170115333
Chris Nene,Chris,Nene,teboho34@hotmail.com,27,326273842
Zanele Street,Zanele,Street,sliebenberg@vodamail.co.za,27,185501030
Lindiwe Du Plooy,Lindiwe,Du Plooy,nkomo.margaret@gmail.com,27,488629279
Angela Basson,Angela,Basson,william47@yahoo.com,27,343899161
Eric Mofokeng,Eric,Mofokeng,qconradie@hotmail.com,27,359002226
Shirley Manamela,Shirley,Manamela,gminnaar@yahoo.com,27,270073227
Paul Schoeman,Paul,Schoeman,conradie.terence@neethling.net,27,334178233
Moses De Bruyn,Moses,De Bruyn,deborah.mohlala@shabangu.org.za,27,545480470
Takalani Mthombeni,Takalani,Mthombeni,benjamin.vuyokazi@yahoo.com,27,519683638
Claudia Miya,Claudia,Miya,koekemoer.refiloe@mouton.gov.za,27,289536875
Christo Mchunu,Christo,Mchunu,landerson@yahoo.com,27,135621528
Pearl Hall,Pearl,Hall,ursula79@vodamail.co.za,27,575484999
Tracy Adam,Tracy,Adam,fmkhize@moses.co.za,27,573067500
Ingrid Mashigo,Ingrid,Mashigo,malinga.grant@smith.web.za,27,368798902
takalani Martin,takalani,Martin,jjordaan@vodamail.co.za,27,450803680
Jacqueline Davids,Jacqueline,Davids,frank34@vodamail.co.za,27,228541161
Lebohang Nkosi,Lebohang,Nkosi,garth14@potgieter.co.za,27,282067145
Thandi Solomon,Thandi,Solomon,rene.truter@wentzel.co.za,27,484842695
Clint Roos,Clint,Roos,pmeyer@gmail.com,27,152120880
Kenneth Tsotetsi,Kenneth,Tsotetsi,refiloe.mamabolo@robinson.net,27,358269907
Marc Naudé,Marc,Naudé,desiree.mathe@webmail.co.za,27,117744129
Fikile Reddy,Fikile,Reddy,madlala.martha@vodamail.co.za,27,154223031
Joseph Lourens,Joseph,Lourens,thapelo90@zwane.net,27,350157621
thulani Masango,thulani,Masango,deon.maluleka@nelson.net,27,125122384
André Scott,André,Scott,adele50@williams.net,27,543011794
Etienne Nortje,Etienne,Nortje,ngobeni.innocent@maluleka.nom.za,27,344997075
Belinda Parker,Belinda,Parker,fschoeman@webmail.co.za,27,165603347
Nonkululeko Thompson,Nonkululeko,Thompson,mlambo.tumelo@kekana.gov.za,27,355830359
Steven Moagi,Steven,Moagi,irene22@morris.school.za,27,132125457
Johannes Lombard,Johannes,Lombard,fiona48@hotmail.com,27,182291029
Sarah Kok,Sarah,Kok,unathi42@swanepoel.co.za,27,324551770
Belinda Gumede,Belinda,Gumede,angela.jackson@webmail.co.za,27,166398858
Ian Mokoena,Ian,Mokoena,thulani06@may.lp.school.za,27,491310317
Donovan Skosana,Donovan,Skosana,cstander@morgan.grondar.za,27,475744254
phumzile Langa,phumzile,Langa,bongiwe.ndaba@slabbert.lp.school.za,27,492340509
Zandile Kotze,Zandile,Kotze,jngcobo@yahoo.com,27,288653347
Ntokozo Potgieter,Ntokozo,Potgieter,lucky.dube@nell.grondar.za,27,424377230
nicolaas George,nicolaas,George,shaun40@padayachee.org.za,27,562076506
Gugulethu Opperman,Gugulethu,Opperman,judith.madlala@abrahams.ncape.school.za,27,353835550
Elizabeth Koekemoer,Elizabeth,Koekemoer,khuzwayo.sifiso@fisher.mil.za,27,343623873
Jacob Nhlapo,Jacob,Nhlapo,kabelo88@duma.co.za,27,278078968
Nadia Mathebula,Nadia,Mathebula,simphiwe.bothma@sibeko.kzn.school.za,27,464249856
Zanele Fortuin,Zanele,Fortuin,rzondo@gmail.com,27,130130212
Takalani van der Walt,Takalani,van der Walt,jabulani51@hotmail.com,27,355888453
Precious Anthony,Precious,Anthony,thabang.mdluli@hotmail.com,27,117820486
Lindiwe Moyo,Lindiwe,Moyo,willem48@vodamail.co.za,27,580501861
Nonhlanhla Smit,Nonhlanhla,Smit,julie25@bell.law.za,27,330514854
Cornelius Prinsloo,Cornelius,Prinsloo,anthony.charles@greeff.co.za,27,321261309
Adele Walters,Adele,Walters,personal.moagi@snyman.grondar.za,27,451595733
Carol Maleka,Carol,Maleka,umohale@yahoo.com,27,572311007
Debbie Evans,Debbie,Evans,takalani.scholtz@webmail.co.za,27,178782968
Zama Mbele,Zama,Mbele,karin.claassen@hotmail.com,27,182330487
Charlene Mokone,Charlene,Mokone,sean40@lombard.nis.za,27,364889331
Raymond Mhlanga,Raymond,Mhlanga,heather.vandenheever@hill.nis.za,27,462311643
Precious Ncube,Precious,Ncube,kelebogile48@kotze.nw.school.za,27,163973785
Bradley da Silva,Bradley,da Silva,hannes.wood@hotmail.com,27,454683206
Theresa Khosa,Theresa,Khosa,justin94@webmail.co.za,27,278601137
Peter Kok,Peter,Kok,qledwaba@gmail.com,27,416836421
Nthabiseng Buthelezi,Nthabiseng,Buthelezi,mduma@hotmail.com,27,183473272
Anthea Fortuin,Anthea,Fortuin,sello.joubert@vanjaarsveld.kzn.school.za,27,216857666
Eugene Enslin,Eugene,Enslin,gregory22@move.com,27,491927073
Gabriel Street,Gabriel,Street,christopher.move@cloete.agric.za,27,477319976
Lesego Mouton,Lesego,Mouton,wessels.teboho@hotmail.com,27,361590701
Heinrich Beukes,Heinrich,Beukes,norman.zwane@modise.gp.school.za,27,142172265
Nigel September,Nigel,September,bouwer.xolani@cassim.ncape.school.za,27,359921084
Busisiwe Moloi,Busisiwe,Moloi,daniel.uys@slabbert.net.za,27,354339459
Susan Enslin,Susan,Enslin,desiree.hugo@yahoo.com,27,137012087
Stefan Basson,Stefan,Basson,jacob22@ngwenya.co.za,27,430545989
Miss Van Aswegen,Miss,Van Aswegen,mmtsweni@hotmail.com,27,276397122
Nkosinathi Zungu,Nkosinathi,Zungu,thembi.morris@henning.wcape.school.za,27,343738826
Christina Naicker,Christina,Naicker,carmen.cele@webmail.co.za,27,351066756
Itumeleng Van Dyk,Itumeleng,Van Dyk,thandeka93@rautenbach.ncape.school.za,27,490876396
Theo Mitchell,Theo,Mitchell,zdeklerk@hotmail.com,27,583622429
Jacqueline Khuzwayo,Jacqueline,Khuzwayo,steve09@vodamail.co.za,27,275792854
Sizwe De Bruin,Sizwe,De Bruin,charlene.taylor@webmail.co.za,27,578567771
Boitumelo Alberts,Boitumelo,Alberts,tracey02@terblanche.ncape.school.za,27,563520762
Mashudu Masango,Mashudu,Masango,barbara10@kekana.web.za,27,463261327
Sello Le Roux,Sello,Le Roux,yrautenbach@yahoo.com,27,151612619
Thembi Manamela,Thembi,Manamela,ibadenhorst@vodamail.co.za,27,570403461
Gabriel Matthews,Gabriel,Matthews,douglas98@naude.com,27,569441940
Natalie Kleynhans,Natalie,Kleynhans,julia.mchunu@yahoo.com,27,284846935
Graham Kelly,Graham,Kelly,mkotze@vodamail.co.za,27,121462088
Mandla Bailey,Mandla,Bailey,groenewald.thabiso@yahoo.com,27,540266981
Vuyokazi Zungu,Vuyokazi,Zungu,petrus.mofokeng@sibiya.nis.za,27,419518120
Kabelo Molepo,Kabelo,Molepo,frank22@hotmail.com,27,328454549
Francois Visser,Francois,Visser,wmaluleke@hotmail.com,27,158012069
Bongiwe de Beer,Bongiwe,de Beer,qtheron@bouwer.grondar.za,27,167986673
Patricia Mudau,Patricia,Mudau,mulaudzi.helen@hotmail.com,27,499134216
Martha Daniels,Martha,Daniels,richards.megan@wright.gp.school.za,27,212716877
Tasneem King,Tasneem,King,fourie.thandi@sibiya.fs.school.za,27,510763896
Tracy Neethling,Tracy,Neethling,lindiwe.kemp@mdluli.kzn.school.za,27,351438727
Trevor Van Schalkwyk,Trevor,Van Schalkwyk,desmond88@davies.lp.school.za,27,424768966
Sello Salie,Sello,Salie,tdelport@jones.net,27,425189180
Isaac Xaba,Isaac,Xaba,rebecca24@stewart.co.za,27,517671454
nonhlanhla Mathe,nonhlanhla,Mathe,dupreez.vernon@gmail.com,27,286023197
Teboho Motsepe,Teboho,Motsepe,omotloung@gmail.com,27,468982452
Michelle Roux,Michelle,Roux,cynthia84@yahoo.com,27,181134657
Cheryl Moloi,Cheryl,Moloi,andile.fredericks@gmail.com,27,154271354
Heather Miller,Heather,Miller,mandla.mkhize@vodamail.co.za,27,285956103
Eric Xaba,Eric,Xaba,next.deklerk@yahoo.com,27,513285983
Grant Scholtz,Grant,Scholtz,babalwa.nel@gmail.com,27,142129903
Derek Stander,Derek,Stander,hnieuwoudt@webmail.co.za,27,152466254
Maureen Maphumulo,Maureen,Maphumulo,slabbert.sizwe@gmail.com,27,575290613
Chantel Maseko,Chantel,Maseko,takalani.vilakazi@yahoo.com,27,491211919
Julia Scott,Julia,Scott,fvandenheever@brits.org.za,27,421585722
James Phiri,James,Phiri,shezi.pearl@park.nom.za,27,129910599
Unathi Ally,Unathi,Ally,carel.simelane@hanekom.law.za,27,477134243
Charles Letsoalo,Charles,Letsoalo,janet.martin@gmail.com,27,155282377
Fiona Mathebula,Fiona,Mathebula,taylor.anthony@yahoo.com,27,349045726
Benjamin Evans,Benjamin,Evans,theresa92@yahoo.com,27,444866927
Johannes September,Johannes,September,omsibi@mazibuko.mil.za,27,367805709
Phumzile Nortje,Phumzile,Nortje,zwane.beverley@ndhlovu.ac.za,27,545571310
Nosipho Banda,Nosipho,Banda,pdasilva@ngwenya.lp.school.za,27,515541325
Nhlanhla Lombard,Nhlanhla,Lombard,loubser.jabulani@khanyile.lp.school.za,27,343950809
Marius Africa,Marius,Africa,qcassim@mathe.nis.za,27,158159658
Albert Tsotetsi,Albert,Tsotetsi,ychetty@yahoo.com,27,431816955
Bongani Mokoena,Bongani,Mokoena,musa.reddy@perumal.law.za,27,571776278
Megan Viljoen,Megan,Viljoen,singh.natasha@gmail.com,27,548140599
Henry White,Henry,White,mokoena.alexander@naicker.ecape.school.za,27,589942525
Tshepo Ngubane,Tshepo,Ngubane,susan53@yahoo.com,27,162393755
vusi Lewis,vusi,Lewis,gabriel45@mngomezulu.law.za,27,573347907
Ingrid Mokone,Ingrid,Mokone,duduzile87@hotmail.com,27,288358423
Taryn Taylor,Taryn,Taylor,hkhanyile@gordon.nis.za,27,493470645
Dirk Kleynhans,Dirk,Kleynhans,arendse.nicola@vodamail.co.za,27,322627708
babalwa Alberts,babalwa,Alberts,alexander.fisher@peters.ac.za,27,512734093
Mbali Lewis,Mbali,Lewis,willie.vaneeden@vodamail.co.za,27,427512308
David Baker,David,Baker,wmasilela@vodamail.co.za,27,282063483
Personal Lawrence,Personal,Lawrence,prinsloo.edward@webmail.co.za,27,279715828
Personal Maleka,Personal,Maleka,smarais@gmail.com,27,115701375
Yolandi Geldenhuys,Yolandi,Geldenhuys,qwalters@martin.kzn.school.za,27,549046164
Precious Scholtz,Precious,Scholtz,anita.ncube@mdluli.ncape.school.za,27,169686947
Ahmed Rikhotso,Ahmed,Rikhotso,thando.murray@vantonder.com,27,532629253
thembi Moore,thembi,Moore,wmoonsamy@martin.mil.za,27,143331982
Thomas Letsoalo,Thomas,Letsoalo,kim10@webmail.co.za,27,458820301
Kelly Mpofu,Kelly,Mpofu,andiswa.vanheerden@vodamail.co.za,27,318028873
Ernest Buys,Ernest,Buys,carl.ndaba@ledwaba.ncape.school.za,27,167248676
Candice Butler,Candice,Butler,melanie35@nyathi.ac.za,27,279728198
Kelly Malatji,Kelly,Malatji,nel.victor@vodamail.co.za,27,274349322
Zelda Molepo,Zelda,Molepo,lerato.chetty@vodamail.co.za,27,271465720
Jane Hanekom,Jane,Hanekom,barbara01@smit.ncape.school.za,27,326550598
Simphiwe Matthews,Simphiwe,Matthews,sgeldenhuys@yahoo.com,27,329463515
Hendrik George,Hendrik,George,prince.engelbrecht@mlangeni.org.za,27,563134145
nicolaas Gouws,nicolaas,Gouws,refiloe15@hotmail.com,27,120425982
barend September,barend,September,motloung.barend@yahoo.com,27,157631651
Andiswa Solomons,Andiswa,Solomons,murray.thulani@vanderwesthuizen.co.za,27,228951311
Marthinus Solomon,Marthinus,Solomon,martin.christiaan@botha.mpm.za,27,112891405
Sean Herbst,Sean,Herbst,anita.pule@singh.ac.za,27,272634201
Morné Ross,Morné,Ross,zvanheerden@hlongwane.ecape.school.za,27,587307487
Nhlanhla Ferreira,Nhlanhla,Ferreira,amanda24@hotmail.com,27,421246526
Karabo Cooper,Karabo,Cooper,jacobus14@vodamail.co.za,27,568885153
Karin Nkabinde,Karin,Nkabinde,svandenheever@ntuli.co.za,27,131438593
René Smit,René,Smit,mtshali.vincent@yahoo.com,27,314889655
Shannon Beukes,Shannon,Beukes,visagie.jacobus@harmse.nom.za,27,487116869
Christine Letsoalo,Christine,Letsoalo,adrian29@masemola.web.za,27,283215734
Desiree Mokoena,Desiree,Mokoena,vjansevanrensburg@hlophe.ncape.school.za,27,284247110
Your Bekker,Your,Bekker,kelly36@yahoo.com,27,247830786
Thembi Zuma,Thembi,Zuma,qcassim@webmail.co.za,27,181585778
Zanele Marais,Zanele,Marais,jan50@sibeko.law.za,27,481219409
Morne Ndlovu,Morne,Ndlovu,gerrit26@vodamail.co.za,27,573110635
Boitumelo Jacobs,Boitumelo,Jacobs,refiloe43@yahoo.com,27,444148476
Mashudu Xulu,Mashudu,Xulu,lizelle.badenhorst@fredericks.grondar.za,27,123437473
Andile Greyling,Andile,Greyling,scholtz.irene@bothma.nw.school.za,27,223412646
unathi Anthony,unathi,Anthony,andries05@vodamail.co.za,27,413706123
Frank Malinga,Frank,Malinga,aandrews@vodamail.co.za,27,150646039
Kevin Legodi,Kevin,Legodi,slottering@snyman.law.za,27,132967187
Sean Hugo,Sean,Hugo,buthelezi.nosipho@vodamail.co.za,27,174538069
Nkululeko Duma,Nkululeko,Duma,vross@ngema.gp.school.za,27,417813672
Lee-ann Goosen,Lee-ann,Goosen,cahmed@hotmail.com,27,573708898
Ahmed van Niekerk,Ahmed,van Niekerk,anita49@vodamail.co.za,27,578340655
Jacqueline Mokone,Jacqueline,Mokone,kagiso.moagi@hlophe.ncape.school.za,27,174814052
Jeremy Gouws,Jeremy,Gouws,qndou@yahoo.com,27,471085133
Faith Khoza,Faith,Khoza,barry.cronje@webmail.co.za,27,538864595
Julian Mathe,Julian,Mathe,heinrich.kemp@vodamail.co.za,27,316731822
Refilwe Vermeulen,Refilwe,Vermeulen,qzungu@naicker.gp.school.za,27,352336992
Clint Street,Clint,Street,chantelle57@yahoo.com,27,583297966
Melanie Le Roux,Melanie,Le Roux,rslabbert@gmail.com,27,356296938
Bongiwe Mngomezulu,Bongiwe,Mngomezulu,dhlamini.jeanette@mohale.net,27,424011308
karabo Mbatha,karabo,Mbatha,nslabbert@yahoo.com,27,490227187
yolandi Phiri,yolandi,Phiri,personal24@vanrensburg.agric.za,27,515223496
Anita Kruger,Anita,Kruger,pwessels@vodamail.co.za,27,343645356
Claire Alberts,Claire,Alberts,theo.nene@webmail.co.za,27,282503006
thandi Mabena,thandi,Mabena,chantel.zwane@yahoo.com,27,289157718
Nicolette Liebenberg,Nicolette,Liebenberg,leroux.claudia@myburgh.nw.school.za,27,364645192
Michelle Moosa,Michelle,Moosa,zondo.teboho@morgan.edu.za,27,490423059
Jonathan Robertson,Jonathan,Robertson,celeste81@mogale.co.za,27,441765686
Contact  Geldenhuys,Contact, Geldenhuys,grant.mtshali@majola.net,27,148873368
Phillip Mavuso,Phillip,Mavuso,oliver.simone@turner.fs.school.za,27,326925602
Jacques Zondi,Jacques,Zondi,smit.personal@gmail.com,27,441291813
Nadia Opperman,Nadia,Opperman,zuys@cilliers.nis.za,27,541740285
Innocent Chauke,Innocent,Chauke,isaacs.karin@banda.grondar.za,27,584721140
Anna Ismail,Anna,Ismail,bekker.sam@solomon.ncape.school.za,27,281030673
Karabo Marais,Karabo,Marais,fwillemse@vodamail.co.za,27,321384909
Gary Naidu,Gary,Naidu,nortje.sydney@msibi.lp.school.za,27,589421783
Zelda King,Zelda,King,lmoloto@vanrensburg.nom.za,27,330270209
Ronald Collins,Ronald,Collins,kevin.white@stewart.law.za,27,416767933
Johanna van den Heever,Johanna,van den Heever,rodney54@vodamail.co.za,27,114830470
Charl Maseko,Charl,Maseko,shannon38@hotmail.com,27,573003577
Aubrey Bezuidenhout,Aubrey,Bezuidenhout,radebe.linda@webmail.co.za,27,286374007
Norman Mavuso,Norman,Mavuso,mduduzi71@vodamail.co.za,27,358627651
Francis Nelson,Francis,Nelson,cjooste@jonker.ecape.school.za,27,220483553
Aubrey Neethling,Aubrey,Neethling,ckriel@ndaba.net,27,471299153
Themba Gumede,Themba,Gumede,james.gordon@hotmail.com,27,326533224
zandile Buthelezi,zandile,Buthelezi,alex.radebe@hotmail.com,27,323551947
thembi Moodley,thembi,Moodley,claudia35@khosa.com,27,440811414
Busisiwe Smith,Busisiwe,Smith,zandile.govender@burger.gov.za,27,457297970
Conrad Buthelezi,Conrad,Buthelezi,vernon06@hotmail.com,27,518342498
Vuyokazi Cilliers,Vuyokazi,Cilliers,clarke.jackie@yahoo.com,27,531786449
Bulelwa Greyling,Bulelwa,Greyling,lgouws@webmail.co.za,27,311067804
Chantelle Barnes,Chantelle,Barnes,teboho16@gmail.com,27,514069262
Keith Ndlovu,Keith,Ndlovu,uys.belinda@anthony.school.za,27,410689406
Juan Solomons,Juan,Solomons,cooper.mogamat@gmail.com,27,243567868
Malcolm Kemp,Malcolm,Kemp,ivanrensburg@vodamail.co.za,27,210692795
Sipho Greeff,Sipho,Greeff,marthinus.mathe@theron.net,27,569878928
Colleen Ebrahim,Colleen,Ebrahim,jansen.sharon@terblanche.gov.za,27,575872004
Kyle Visagie,Kyle,Visagie,wengelbrecht@gmail.com,27,240541344
Christian Müller,Christian,Müller,tsotetsi.cindy@webmail.co.za,27,483947129
Daniel Dlamini,Daniel,Dlamini,ebotha@webmail.co.za,27,354802639
thandeka Masango,thandeka,Masango,xaba.jacques@mngomezulu.gp.school.za,27,490779539
Candice Adams,Candice,Adams,vbritz@louw.co.za,27,343400254
Elaine Kemp,Elaine,Kemp,makhubela.bulelwa@muller.org.za,27,492423936
Christopher Britz,Christopher,Britz,nonhlanhla78@viljoen.nis.za,27,246273909
Thandi Zwane,Thandi,Zwane,ageldenhuys@gmail.com,27,222235552
Barry Buys,Barry,Buys,tracey62@chauke.nw.school.za,27,137479754
Robyn Oberholzer,Robyn,Oberholzer,lerato.solomon@yahoo.com,27,131607403
Celeste Botes,Celeste,Botes,baloyi.mohammed@vodamail.co.za,27,366515179
Johan Jooste,Johan,Jooste,pnkabinde@zondi.agric.za,27,538001893
Carel Hugo,Carel,Hugo,rodney21@richards.nis.za,27,584501007
Robin Nkosi,Robin,Nkosi,dimakatso72@gmail.com,27,321900466
Ingrid Nieuwoudt,Ingrid,Nieuwoudt,thandeka.chauke@mncube.mil.za,27,138130540
Donald Swart,Donald,Swart,fikile.moosa@human.co.za,27,542617405
Kabelo Khan,Kabelo,Khan,anne98@hotmail.com,27,354382517
Sandra Mlambo,Sandra,Mlambo,nompumelelo49@gmail.com,27,330975885
Zama De Jager,Zama,De Jager,msomi.jacobus@jansen.nis.za,27,316136765
Nhlanhla Bennett,Nhlanhla,Bennett,linda95@yahoo.com,27,337440456
Nkosinathi Ledwaba,Nkosinathi,Ledwaba,xvandeventer@sithole.grondar.za,27,581222018
Lucas  Davis,Lucas, Davis,boitumelo.scott@gmail.com,27,135413714
Heinrich Abrahams,Heinrich,Abrahams,okotze@gmail.com,27,531330487
Peter Details,Peter,Details,juanita.george@abrahams.ecape.school.za,27,278900044
Sharon Opperman,Sharon,Opperman,grant.ngobeni@wentzel.org.za,27,484108687
Chantelle Pillay,Chantelle,Pillay,bmolefe@webmail.co.za,27,368536906
Roy Perumal,Roy,Perumal,gail96@jooste.kzn.school.za,27,161898392
Contact  Kemp,Contact, Kemp,iseptember@mphahlele.co.za,27,420048846
Patrick Visser,Patrick,Visser,jacobus.scott@jordaan.edu.za,27,488551643
George Alberts,George,Alberts,zanele74@green.grondar.za,27,353917303
nonkululeko Anderson,nonkululeko,Anderson,cilliers.innocent@koen.mpm.za,27,279364412
Helen Sibeko,Helen,Sibeko,nonhlanhla.swartz@nene.gp.school.za,27,478817556
Prudence Marshall,Prudence,Marshall,fndhlovu@jansevanrensburg.fs.school.za,27,234956177
Graham van der Walt,Graham,van der Walt,kmohamed@williams.nom.za,27,361612061
Wesley Mashaba,Wesley,Mashaba,nicolene37@petersen.ac.za,27,162681595
Claire Fourie,Claire,Fourie,vincent.vanniekerk@hotmail.com,27,317570584
Prudence Schmidt,Prudence,Schmidt,zanele21@gmail.com,27,346297169
Desmond Manuel,Desmond,Manuel,ally.to@john.wcape.school.za,27,216592409
sibongile Jansen van Rensburg,sibongile,Jansen van Rensburg,george.your@edwards.org.za,27,361237705
Tony Marx,Tony,Marx,hmajola@dlamini.com,27,541453509
Tracey Vermaak,Tracey,Vermaak,moosa.willie@jooste.gp.school.za,27,532031054
Dean Venter,Dean,Venter,jacobus.bezuidenhout@vodamail.co.za,27,531519140
Gert Strauss,Gert,Strauss,kabelo05@maluleke.com,27,237156265
takalani Brand,takalani,Brand,vusi68@vandyk.com,27,539771752
Yolanda Müller,Yolanda,Müller,lkhosa@webmail.co.za,27,564493401
Thato Mathe,Thato,Mathe,itumeleng.white@lawrence.co.za,27,122345343
Ricardo Ngwenya,Ricardo,Ngwenya,msomi.angelique@gmail.com,27,571104135
Yvonne Adam,Yvonne,Adam,anton21@yahoo.com,27,577678405
Mandisa Odendaal,Mandisa,Odendaal,vandenheever.taryn@willemse.net.za,27,486715667
Kelebogile Kelly,Kelebogile,Kelly,deborah.deklerk@greeff.grondar.za,27,187347031
tumelo Zwane,tumelo,Zwane,chauke.michelle@gmail.com,27,543321023
Debbie Mtsweni,Debbie,Mtsweni,julia60@roos.co.za,27,129067146
Neo Marshall,Neo,Marshall,kobus.horn@vodamail.co.za,27,367403518
Monique Xaba,Monique,Xaba,ally.kenneth@greeff.nw.school.za,27,542516780
Jessica De Villiers,Jessica,De Villiers,phillip51@mkhize.kzn.school.za,27,322809901
Natalie Greeff,Natalie,Greeff,nonhlanhla53@hattingh.lp.school.za,27,242744550
Gabriel Botes,Gabriel,Botes,barry.mphahlele@vodamail.co.za,27,317226930
Katlego Move,Katlego,Move,strauss.steve@vodamail.co.za,27,321729252
René Joseph,René,Joseph,nigel00@vodamail.co.za,27,153252868
Lesego Neethling,Lesego,Neethling,vandeventer.julia@gmail.com,27,350455476
Kelly Xulu,Kelly,Xulu,bongiwe01@andrews.com,27,549672560
Patience Thompson,Patience,Thompson,pieterse.arnold@gmail.com,27,367050454
Ruth Ngobeni,Ruth,Ngobeni,gordon.phindile@gmail.com,27,286318892
Neil Visagie,Neil,Visagie,lynette18@gmail.com,27,360182789
Carla Munyai,Carla,Munyai,bmulaudzi@hotmail.com,27,166544664
barend Du Preez,barend,Du Preez,labuschagne.refiloe@vodamail.co.za,27,542649790
Kelebogile Davids,Kelebogile,Davids,frederick.human@bekker.nom.za,27,235301746
Nkosinathi Manuel,Nkosinathi,Manuel,raymond.phiri@yahoo.com,27,438624024
Precious Blignaut,Precious,Blignaut,schmidt.marthinus@hotmail.com,27,430308845
Ronel Patel,Ronel,Patel,mngomezulu.megan@hotmail.com,27,360672718
Yusuf Adonis,Yusuf,Adonis,estelle13@webmail.co.za,27,483586007
Warren Le Roux,Warren,Le Roux,hanekom.stephen@yahoo.com,27,565080415
Marc Daniels,Marc,Daniels,simone86@davies.gp.school.za,27,160544660
Mashudu Mbatha,Mashudu,Mbatha,kshabalala@yahoo.com,27,465929402
Tumelo Kruger,Tumelo,Kruger,next61@yahoo.com,27,223948172
Teboho Zuma,Teboho,Zuma,shongwe.vuyokazi@nhlapo.com,27,589784375
Brenda Van Dyk,Brenda,Van Dyk,agovender@louw.gov.za,27,225267198
Simon Willemse,Simon,Willemse,anaude@vodamail.co.za,27,131669596
Martin Manamela,Martin,Manamela,xulu.vuyokazi@gumede.mil.za,27,241598076
Thandi Smit,Thandi,Smit,rene.zondi@herbst.com,27,217329350
bulelwa Patel,bulelwa,Patel,robyn.pietersen@gmail.com,27,568234179
Mohamed Hoffman,Mohamed,Hoffman,wledwaba@webmail.co.za,27,482459276
Rodney Swartz,Rodney,Swartz,kubheka.your@steenkamp.org.za,27,456167962
Anna Thwala,Anna,Thwala,naidu.charlene@gmail.com,27,123833129
James Green,James,Green,fiona49@yahoo.com,27,151144362
Nicole Maharaj,Nicole,Maharaj,gillian01@thomas.web.za,27,130094701
Richard Robinson,Richard,Robinson,next.willemse@vodamail.co.za,27,459520754
Dean Kelly,Dean,Kelly,ruth.mabena@vodamail.co.za,27,427595852
Nompumelelo Lombard,Nompumelelo,Lombard,asanda21@gmail.com,27,283728688
Colin Arendse,Colin,Arendse,jonathan18@nene.web.za,27,478169355
Michelle Mbatha,Michelle,Mbatha,hbotha@mazibuko.grondar.za,27,577969474
Gugu Ntshangase,Gugu,Ntshangase,brenda.botes@yahoo.com,27,339528705
Innocent Dlamini,Innocent,Dlamini,vchauke@campbell.ac.za,27,286078877
André Nkomo,André,Nkomo,nosipho.kumalo@viljoen.mil.za,27,113334573
Richard Davis,Richard,Davis,moses14@webmail.co.za,27,161824318
Yolandi Shabangu,Yolandi,Shabangu,liebenberg.frank@gmail.com,27,222945553
Liezel Van Rensburg,Liezel,Van Rensburg,petersen.sonja@webmail.co.za,27,444764391
Megan Solomons,Megan,Solomons,jeremy.ntombela@vodamail.co.za,27,460151826
Fikile Barnes,Fikile,Barnes,coetzer.gregory@vodamail.co.za,27,573022220
Christian Miller,Christian,Miller,james.carmen@malatji.mil.za,27,437169502
Jacques Johnson,Jacques,Johnson,lottering.personal@hotmail.com,27,273457576
Johannes Bosman,Johannes,Bosman,stander.yvonne@gmail.com,27,445427209
Fikile Groenewald,Fikile,Groenewald,kumalo.next@gmail.com,27,345097786
Melanie Green,Melanie,Green,ypaul@vermeulen.nis.za,27,247544673
Samantha Marshall,Samantha,Marshall,kuys@hotmail.com,27,289517902
Steve Motaung,Steve,Motaung,lucky.cassim@vodamail.co.za,27,585964701
Mr.  Stewart,Mr., Stewart,thato.mthethwa@mashego.ecape.school.za,27,561513014
Nomsa Cronje,Nomsa,Cronje,wchetty@webmail.co.za,27,339287466
Wynand Ngubane,Wynand,Ngubane,tanya38@hotmail.com,27,160770064
Nompumelelo Park,Nompumelelo,Park,kabelo.hlatshwayo@vanjaarsveld.co.za,27,124982750
Chantelle Maluleke,Chantelle,Maluleke,thato48@mbatha.net,27,541863718
Steve Kleynhans,Steve,Kleynhans,dave76@laubscher.lp.school.za,27,337475834
Judith Molepo,Judith,Molepo,wesley.carstens@yahoo.com,27,491606459
Dean Pretorius,Dean,Pretorius,baker.francois@webmail.co.za,27,145958281
Nomfundo Fredericks,Nomfundo,Fredericks,vernon20@mphahlele.mil.za,27,467729993
Tshegofatso Matthews,Tshegofatso,Matthews,hvanderberg@vodamail.co.za,27,187629651
George Evans,George,Evans,charles00@bester.co.za,27,282981841
Jackie Mthembu,Jackie,Mthembu,bmthembu@mokoena.web.za,27,585242017
Melissa Davis,Melissa,Davis,hugo.cheryl@strauss.net.za,27,235664819
Jacqueline Swart,Jacqueline,Swart,busisiwe57@groenewald.lp.school.za,27,490168479
next Allie,next,Allie,qngubane@maharaj.edu.za,27,222831499
nompumelelo Mnguni,nompumelelo,Mnguni,cronje.jackie@gmail.com,27,279538699
Bernard Conradie,Bernard,Conradie,sibongile35@gmail.com,27,282776076
Lebohang Botes,Lebohang,Botes,marx.claudia@kumar.law.za,27,444205387
Fatima Conradie,Fatima,Conradie,maree.palesa@hadebe.gov.za,27,510334500
Gareth Malinga,Gareth,Malinga,jeanette81@delange.law.za,27,542746590
Kyle Viljoen,Kyle,Viljoen,pmaharaj@hotmail.com,27,231612589
Robin Majola,Robin,Majola,jonker.yolanda@gmail.com,27,420512191
Gugulethu Louw,Gugulethu,Louw,tshepo.robertson@badenhorst.grondar.za,27,116938026
next Mokoena,next,Mokoena,kpule@hotmail.com,27,361396227
Desiree Shongwe,Desiree,Shongwe,clive54@webmail.co.za,27,459070863
Gugu Details,Gugu,Details,hduma@gumede.nw.school.za,27,317006242
Daniel Petersen,Daniel,Petersen,sandra.hughes@hotmail.com,27,286247400
Mandy Lawrence,Mandy,Lawrence,nick05@webmail.co.za,27,544557138
Ryan Dlamini,Ryan,Dlamini,olivia.hattingh@reddy.lp.school.za,27,450247490
Nomfundo Morgan,Nomfundo,Morgan,thembi34@yahoo.com,27,188057132
Barry Khoza,Barry,Khoza,lydia63@vanderwesthuizen.ecape.school.za,27,474658065
Francis Pretorius,Francis,Pretorius,vuyokazi66@webmail.co.za,27,441139361
Theresa Vorster,Theresa,Vorster,siyabonga63@harmse.com,27,170462080
Charmaine Kubheka,Charmaine,Kubheka,brent.harmse@yahoo.com,27,188752989
Zama Mnguni,Zama,Mnguni,moloi.vuyokazi@tsotetsi.mil.za,27,542021450
Sibongile Nxumalo,Sibongile,Nxumalo,lottering.kabelo@lottering.gp.school.za,27,118644560
andries Nieuwoudt,andries,Nieuwoudt,fterblanche@fredericks.ecape.school.za,27,144104805
Jacqueline Nkomo,Jacqueline,Nkomo,gail.evans@basson.net.za,27,229386051
Claire Khan,Claire,Khan,imashigo@yahoo.com,27,455621002
Warren Nxumalo,Warren,Nxumalo,ricardo.phillips@webmail.co.za,27,572960992
Sydney Murray,Sydney,Murray,radebe.takalani@mohale.gp.school.za,27,465767889
Sarah Madonsela,Sarah,Madonsela,lesego.marais@vodamail.co.za,27,111857056
Contact  du Plessis,Contact, du Plessis,vilakazi.terence@yahoo.com,27,426574889
Roy Erasmus,Roy,Erasmus,nicolaas.moosa@wolmarans.co.za,27,174431313
Joseph Mokwena,Joseph,Mokwena,chris55@yahoo.com,27,359426102
Tsholofelo Mathebula,Tsholofelo,Mathebula,qcampbell@nelson.school.za,27,355080321
Julia Wolmarans,Julia,Wolmarans,hendrik.mohlala@hotmail.com,27,283176153
Andries Park,Andries,Park,mkhwanazi.craig@smith.net,27,585558938
Bradley van Staden,Bradley,van Staden,mark86@davies.ecape.school.za,27,420535367
thembi Abrahams,thembi,Abrahams,miya.kim@hotmail.com,27,337731801
Alan Burger,Alan,Burger,gmokwena@vodamail.co.za,27,176373057
Tanya Mazibuko,Tanya,Mazibuko,martha05@tshabalala.co.za,27,271993584
René Shongwe,René,Shongwe,vnel@vodamail.co.za,27,464043542
Nozipho Malinga,Nozipho,Malinga,ftaljaard@roux.co.za,27,443711234
Bulelwa Lewis,Bulelwa,Lewis,qbuthelezi@dhlamini.nom.za,27,497443054
Andiswa Olivier,Andiswa,Olivier,lee.swartz@coetzee.mpm.za,27,142678676
Dave Hill,Dave,Hill,nmaphumulo@webmail.co.za,27,322085589
Nick Pretorius,Nick,Pretorius,dlamini.jenny@mthombeni.web.za,27,560887085
Contact  Naudé,Contact, Naudé,llouw@hotmail.com,27,148995441
Mike Shongwe,Mike,Shongwe,gail97@webmail.co.za,27,352974726
Thandeka Molepo,Thandeka,Molepo,allan.nyathi@hill.kzn.school.za,27,422060776
Eugene Van Den Berg,Eugene,Van Den Berg,unkabinde@hotmail.com,27,493893162
Ruth Bezuidenhout,Ruth,Bezuidenhout,carol.masango@webmail.co.za,27,336951440
Denise Kumalo,Denise,Kumalo,osibeko@hotmail.com,27,344955543
Nozipho Fourie,Nozipho,Fourie,rodney61@webmail.co.za,27,328208121
Hennie Bouwer,Hennie,Bouwer,nallie@madlala.co.za,27,358602866
Elaine Tladi,Elaine,Tladi,zyoung@gmail.com,27,356041420
Bruce Ndaba,Bruce,Ndaba,neil80@mngomezulu.fs.school.za,27,573381532
Mandla Thompson,Mandla,Thompson,roberts.nozipho@oliver.co.za,27,355667299
Sandile Ebrahim,Sandile,Ebrahim,ekumalo@gmail.com,27,285826396
Vuyokazi Cupido,Vuyokazi,Cupido,vuyokazi91@collins.co.za,27,243222839
Greg Street,Greg,Street,malatji.karin@khosa.net,27,423571669
Unathi Louw,Unathi,Louw,gillian73@dutoit.co.za,27,179991975
Mandisa Britz,Mandisa,Britz,nonhlanhla.mazibuko@gmail.com,27,171261719
Morné Meyer,Morné,Meyer,monique.moses@mkhabela.mil.za,27,354650615
Prudence Nkomo,Prudence,Nkomo,louise.vanvuuren@davies.mil.za,27,495965680
Gavin Mabena,Gavin,Mabena,xwalters@evans.gp.school.za,27,478060774
Vernon Bosman,Vernon,Bosman,alberts.charles@ngcobo.net.za,27,272119488
André Mokwena,André,Mokwena,uliebenberg@king.lp.school.za,27,317686513
Zama Hlongwane,Zama,Hlongwane,btaylor@strauss.com,27,431154474
Francis Taylor,Francis,Taylor,liezel.vosloo@hotmail.com,27,538306578
Carmen Andrews,Carmen,Andrews,thando.moloi@vodamail.co.za,27,151269660
nkosinathi Hattingh,nkosinathi,Hattingh,henning.liezel@nxumalo.com,27,150830019
Christo Skosana,Christo,Skosana,precious.anderson@mitchell.co.za,27,447324902
Dirk Watson,Dirk,Watson,bosman.ivan@webmail.co.za,27,213237563
Barbara Khanyile,Barbara,Khanyile,venter.sello@vosloo.web.za,27,237767240
Liezel Fisher,Liezel,Fisher,richard14@vodamail.co.za,27,571977986
Jan Ntshangase,Jan,Ntshangase,doosthuizen@vanzyl.com,27,432838280
Jabulani Van Jaarsveld,Jabulani,Van Jaarsveld,mpofu.zanele@gmail.com,27,485528093
Nicholas Hlongwane,Nicholas,Hlongwane,siphokazi.matlala@vodamail.co.za,27,461419592
Thulani Van Den Berg,Thulani,Van Den Berg,prudence.moore@wentzel.nom.za,27,572039895
Thapelo Cloete,Thapelo,Cloete,barend.herbst@hotmail.com,27,280038687
Amanda Peter,Amanda,Peter,sydney32@gmail.com,27,116229111
Andrew Nelson,Andrew,Nelson,basson.phillip@gmail.com,27,572117424
Alfred Mhlongo,Alfred,Mhlongo,park.taryn@roberts.edu.za,27,498055206
nicolaas Nieuwoudt,nicolaas,Nieuwoudt,karen02@taljaard.ecape.school.za,27,514428807
Johan Morgan,Johan,Morgan,lombard.albert@yahoo.com,27,131056026
Nadia John,Nadia,John,nkabinde.simone@gmail.com,27,365041186
Lesego Buys,Lesego,Buys,tasneem98@webmail.co.za,27,332494703
Sipho White,Sipho,White,phumzile01@nyathi.grondar.za,27,459556824
Frans Kok,Frans,Kok,lesley.mthombeni@david.fs.school.za,27,318487840
Wynand Van Aswegen,Wynand,Van Aswegen,emabena@vanderlinde.grondar.za,27,113614202
mashudu Pather,mashudu,Pather,rkhan@yahoo.com,27,350001662
mashudu Bezuidenhout,mashudu,Bezuidenhout,andries.pietersen@webmail.co.za,27,273604483
Anne Cassim,Anne,Cassim,clive.harmse@willemse.kzn.school.za,27,171530341
Daniel Roux,Daniel,Roux,fvorster@swart.grondar.za,27,495504872
Pearl Hill,Pearl,Hill,ghlophe@webmail.co.za,27,574955583
Tshegofatso Van Dyk,Tshegofatso,Van Dyk,duduzile82@hotmail.com,27,352622037
Nonkululeko Kotze,Nonkululeko,Kotze,kagiso18@parker.lp.school.za,27,356476053
Natalie Ndaba,Natalie,Ndaba,johanna.basson@adonis.co.za,27,366004291
Jacqueline Evans,Jacqueline,Evans,refiloe22@yahoo.com,27,362804361
Bulelwa Beukes,Bulelwa,Beukes,xkunene@vodamail.co.za,27,576719496
Jennifer Richards,Jennifer,Richards,zondi.taryn@vodamail.co.za,27,545325934
Rudi Mabaso,Rudi,Mabaso,oliver.mpho@booysen.grondar.za,27,326757798
Sydney Kumar,Sydney,Kumar,kagiso45@gmail.com,27,280453105
Christiaan Rikhotso,Christiaan,Rikhotso,maria.baker@ally.ecape.school.za,27,318442620
Anna Muller,Anna,Muller,busisiwe52@vodamail.co.za,27,210082180
Nkosinathi Makhanya,Nkosinathi,Makhanya,yslabbert@grobbelaar.nis.za,27,225017089
Cindy Mnisi,Cindy,Mnisi,theresa70@hotmail.com,27,530929754
Trevor Cele,Trevor,Cele,khanyile.thembi@gmail.com,27,247625992
Joe Tladi,Joe,Tladi,cecilia76@yahoo.com,27,460103955
Sydney Botes,Sydney,Botes,cmadlala@hadebe.agric.za,27,478340695
thembi Tladi,thembi,Tladi,pjackson@blignaut.mpm.za,27,325911402
Eugene Mkhize,Eugene,Mkhize,david14@hotmail.com,27,126344579
Lerato Enslin,Lerato,Enslin,gerhard49@gmail.com,27,475034356
Godfrey Mnguni,Godfrey,Mnguni,christian.vanderberg@dupreez.net.za,27,222868581
Willie du Toit,Willie,du Toit,itumeleng.chauke@allie.ecape.school.za,27,353192746
Siphokazi De Villiers,Siphokazi,De Villiers,sydney93@yahoo.com,27,454343655
Unathi Mashinini,Unathi,Mashinini,victor.vanderberg@webmail.co.za,27,169436888
Gerald Salie,Gerald,Salie,martin.alexander@webmail.co.za,27,149085576
Simon Watson,Simon,Watson,pmay@yahoo.com,27,369943613
Tanya Tladi,Tanya,Tladi,dburger@masemola.co.za,27,482368642
Bongiwe Van Heerden,Bongiwe,Van Heerden,botha.nozipho@banda.wcape.school.za,27,440401937
Johan Radebe,Johan,Radebe,jane30@matthews.ecape.school.za,27,270633172
Johann Mashele,Johann,Mashele,marc.maluleka@yahoo.com,27,228245594
Hannes Mhlanga,Hannes,Mhlanga,andries25@anthony.nom.za,27,454463149
Graham Khosa,Graham,Khosa,michelle.twala@naidu.ncape.school.za,27,492147343
Kagiso Bosch,Kagiso,Bosch,kobus.baker@yahoo.com,27,436077219
Mohammed Pather,Mohammed,Pather,qmoses@malinga.nis.za,27,112259032
Takalani Harmse,Takalani,Harmse,jennifer.king@vandeventer.ecape.school.za,27,547475144
Nadine Odendaal,Nadine,Odendaal,sibongile.hendricks@vanderwesthuizen.com,27,324694978
Jeanette  Motloung,Jeanette, Motloung,sandile.wentzel@webmail.co.za,27,447444364
Norman White,Norman,White,bronwyn.duplooy@vodamail.co.za,27,225510351
Thandi Du Preez,Thandi,Du Preez,oliver.thandeka@hotmail.com,27,113998784
Hendrik Jordaan,Hendrik,Jordaan,vosloo.mike@vodamail.co.za,27,237337551
Your Johnson,Your,Johnson,mandisa35@joseph.mil.za,27,426715043
Gugulethu Shabalala,Gugulethu,Shabalala,langa.sifiso@manuel.wcape.school.za,27,565138030
Lebogang Nkosi,Lebogang,Nkosi,nosipho.dhlamini@phillips.mpm.za,27,548268807
Roxanne Moloto,Roxanne,Moloto,simphiwe82@vodamail.co.za,27,422812967
Lesley Masango,Lesley,Masango,charlotte.harmse@webmail.co.za,27,368248763
Daniel De Jager,Daniel,De Jager,jansenvanvuuren.tanya@tshabalala.co.za,27,123139231
Charlotte Vorster,Charlotte,Vorster,hill.kabelo@vodamail.co.za,27,214604895
Lawrence Xaba,Lawrence,Xaba,mofokeng.stanley@yahoo.com,27,334865458
Bianca Mncube,Bianca,Mncube,khoza.cynthia@yahoo.com,27,544571190
nonhlanhla Shongwe,nonhlanhla,Shongwe,lindiwe.vanwyk@gmail.com,27,418149441
Lebohang Moloto,Lebohang,Moloto,ingwenya@gmail.com,27,129303142
sifiso Mashinini,sifiso,Mashinini,peter83@neethling.com,27,353098860
Danielle Matthews,Danielle,Matthews,nzimande.raymond@francis.net.za,27,280301483
Ursula Buthelezi,Ursula,Buthelezi,bernard28@yahoo.com,27,473476070
Lindiwe Lawrence,Lindiwe,Lawrence,christine94@yahoo.com,27,131579086
Gavin Mkhize,Gavin,Mkhize,nkululeko76@vodamail.co.za,27,341280983
sibongile Thwala,sibongile,Thwala,mtshali.kagiso@yahoo.com,27,230131445
Janet Nortje,Janet,Nortje,grant60@thwala.com,27,218734123
jacobus Masemola,jacobus,Masemola,slabbert.nomsa@vodamail.co.za,27,571632294
Mary Bezuidenhout,Mary,Bezuidenhout,cooper.nicolaas@webmail.co.za,27,277883423
Trevor Madlala,Trevor,Madlala,unathi71@yahoo.com,27,319109578
nompumelelo Jonker,nompumelelo,Jonker,rgerber@vodamail.co.za,27,427601501
Leigh Tsotetsi,Leigh,Tsotetsi,unathi74@slabbert.edu.za,27,578010157
phumzile Molefe,phumzile,Molefe,umabena@yahoo.com,27,479169347
Bronwyn Moonsamy,Bronwyn,Moonsamy,schutte.jane@yahoo.com,27,150688443
Dirk Neethling,Dirk,Neethling,shawn.mdluli@nyathi.com,27,573341586
Lungile Mouton,Lungile,Mouton,mmohlala@ngubane.ecape.school.za,27,286969991
Eugene Jackson,Eugene,Jackson,molepo.lawrence@kubheka.edu.za,27,442940934
Carol Gouws,Carol,Gouws,wterblanche@badenhorst.nis.za,27,575937050
Thabang Van Jaarsveld,Thabang,Van Jaarsveld,bosman.jabulani@viljoen.co.za,27,461382950
Jean Mbatha,Jean,Mbatha,tmurray@yahoo.com,27,541958407
Nompumelelo Van Rensburg,Nompumelelo,Van Rensburg,julian28@ndaba.com,27,331442687
Jeremy Kelly,Jeremy,Kelly,theo63@gmail.com,27,217176565
Sizwe Engelbrecht,Sizwe,Engelbrecht,james12@pienaar.ecape.school.za,27,112542309
phumzile Perumal,phumzile,Perumal,ben87@martin.edu.za,27,172080095
Jenny Samuels,Jenny,Samuels,liezel57@yahoo.com,27,245181747
nonhlanhla Fortuin,nonhlanhla,Fortuin,clarke.nozipho@vodamail.co.za,27,450940739
Karabo Brown,Karabo,Brown,manuel.to@martin.kzn.school.za,27,361083495
Anthony Robertson,Anthony,Robertson,delange.brent@gmail.com,27,240353412
barend Sibeko,barend,Sibeko,linda94@webmail.co.za,27,279248263
Dirk Cilliers,Dirk,Cilliers,mscott@skosana.gp.school.za,27,115414942
Jenny Oliver,Jenny,Oliver,sonja.fourie@vodamail.co.za,27,279313624
Teboho Gumede,Teboho,Gumede,tkruger@maseko.net,27,560019257
Patience Miller,Patience,Miller,wolmarans.xolani@vodamail.co.za,27,540881601
Mohammed Prinsloo,Mohammed,Prinsloo,sperumal@yahoo.com,27,356671228
Charmaine Slabbert,Charmaine,Slabbert,thando.may@ngubane.web.za,27,276242572
Caroline Pienaar,Caroline,Pienaar,kagiso35@yahoo.com,27,365087090
Theo Moses,Theo,Moses,andrew.naude@bosman.co.za,27,215361163
Philip Bennett,Philip,Bennett,zandile68@duplessis.com,27,145485252
Nhlanhla Thwala,Nhlanhla,Thwala,pmotaung@gmail.com,27,156128042
Refiloe Neethling,Refiloe,Neethling,johanna.delange@vodamail.co.za,27,541001790
Godfrey Mphahlele,Godfrey,Mphahlele,moyo.nompumelelo@barnard.law.za,27,137443538
Janine Cooper,Janine,Cooper,ydreyer@mtsweni.com,27,560099211
Refilwe Evans,Refilwe,Evans,pnaidoo@laubscher.kzn.school.za,27,354604585
Dean Willemse,Dean,Willemse,sibongile.barnes@webmail.co.za,27,547646793
Rob Padayachee,Rob,Padayachee,conrad81@ngwenya.gp.school.za,27,139363079
Busisiwe Benjamin,Busisiwe,Benjamin,rodney91@gmail.com,27,361654085
Nhlanhla Van Jaarsveld,Nhlanhla,Van Jaarsveld,strydom.nonhlanhla@adonis.ac.za,27,365530562
Bongani Solomons,Bongani,Solomons,mnguni.raymond@ngema.ac.za,27,214646452
Mary Govender,Mary,Govender,fmohlala@hotmail.com,27,580852517
George Van Der Berg,George,Van Der Berg,allan.phiri@vandeventer.co.za,27,581886064
Ricardo van Niekerk,Ricardo,van Niekerk,victor.jansenvanrensburg@joseph.grondar.za,27,216225404
Dean Marx,Dean,Marx,moloto.willem@dreyer.gov.za,27,226495628
Tania Move,Tania,Move,wolmarans.danielle@hotmail.com,27,421017647
Jan Abrahams,Jan,Abrahams,marc.stander@yahoo.com,27,516763075
Jabulani Mthembu,Jabulani,Mthembu,ingrid53@hotmail.com,27,353500253
Lynn King,Lynn,King,gmpofu@webmail.co.za,27,547668932
Ashley van Staden,Ashley,van Staden,mabaso.angelique@yahoo.com,27,347888127
Philip Greyling,Philip,Greyling,scott.zandile@shabangu.mpm.za,27,455231580
Unathi Snyman,Unathi,Snyman,jkubheka@padayachee.grondar.za,27,161607287
William De Lange,William,De Lange,psmit@miller.net,27,451584397
Candice Reddy,Candice,Reddy,karin69@vodamail.co.za,27,546794006
Gugu Erasmus,Gugu,Erasmus,horn.sandra@gmail.com,27,424204523
Carmen De Villiers,Carmen,De Villiers,sylvia29@mbatha.gov.za,27,119392544
Contact  Tsotetsi,Contact, Tsotetsi,pthompson@webmail.co.za,27,235424060
Thomas Davids,Thomas,Davids,wgreyling@mamabolo.lp.school.za,27,181381491
James Wolmarans,James,Wolmarans,george.roux@vodamail.co.za,27,456601133
Simon Vermeulen,Simon,Vermeulen,shirley75@abrahams.wcape.school.za,27,167045705
Neil Peters,Neil,Peters,gugu.mabasa@makhubela.law.za,27,359261551
Cindy De Villiers,Cindy,De Villiers,lesego.mashego@molefe.mil.za,27,349917911
Nozipho Motsepe,Nozipho,Motsepe,theresa.molepo@duplooy.law.za,27,288466442
Morne Street,Morne,Street,tshepo63@webmail.co.za,27,348649112
Innocent Murray,Innocent,Murray,lucas91@vanzyl.ecape.school.za,27,123027559
Prudence Khanyile,Prudence,Khanyile,zburger@move.ecape.school.za,27,236950974
Gail Herbst,Gail,Herbst,jansen.nico@cassim.nw.school.za,27,232748501
Roy Francis,Roy,Francis,carl.marais@park.gp.school.za,27,361317628
Michelle Dladla,Michelle,Dladla,martin.joubert@hotmail.com,27,585518685
Albert Mashaba,Albert,Mashaba,kagiso64@chetty.mpm.za,27,575014960
Kenneth Richards,Kenneth,Richards,siphokazi.sibanyoni@gmail.com,27,437234370
Zanele Sibanyoni,Zanele,Sibanyoni,gumede.arthur@lubbe.wcape.school.za,27,166280658
Brenda Skosana,Brenda,Skosana,bjohnson@mkhize.ac.za,27,246961045
Gail Parker,Gail,Parker,makhubela.marc@coetzer.gov.za,27,274678349
Frank Vilakazi,Frank,Vilakazi,naidoo.duduzile@andrews.school.za,27,286964769
Shannon Msomi,Shannon,Msomi,sibeko.andrea@salie.fs.school.za,27,547745172
Colin Adams,Colin,Adams,bennett.lindiwe@scholtz.lp.school.za,27,359088868
Edward Walters,Edward,Walters,michael25@yahoo.com,27,571835715
Tshepiso Mthethwa,Tshepiso,Mthethwa,dmuller@sibisi.net.za,27,410781528
Pamela Morgan,Pamela,Morgan,ian.loubser@yahoo.com,27,454117320
Sizwe Harrison,Sizwe,Harrison,eclaassen@fourie.school.za,27,466823907
Werner Abrahams,Werner,Abrahams,precious.uys@vandyk.co.za,27,547383833
Andiswa Adams,Andiswa,Adams,nosipho.vanniekerk@yahoo.com,27,277694955
Garth Kleynhans,Garth,Kleynhans,naicker.gloria@yahoo.com,27,564178654
Yolandi Khosa,Yolandi,Khosa,derek58@vodamail.co.za,27,539317460
Tanya Mncube,Tanya,Mncube,bradley07@vodamail.co.za,27,331739124
refiloe Coetzee,refiloe,Coetzee,richards.bradley@gmail.com,27,547977740
Boitumelo Malinga,Boitumelo,Malinga,msingh@gmail.com,27,314492216
Joe Hlongwane,Joe,Hlongwane,siyabonga09@mthembu.ncape.school.za,27,284997512
kagiso Mogale,kagiso,Mogale,asanda.mostert@webmail.co.za,27,163607679
Kagiso Solomon,Kagiso,Solomon,mchauke@phiri.net,27,171999069
Peter Terblanche,Peter,Terblanche,charlene.kelly@moosa.edu.za,27,238897536
Brenda Benjamin,Brenda,Benjamin,vgrobler@muller.nom.za,27,457824917
Andre Olivier,Andre,Olivier,fscholtz@gmail.com,27,165538496
thembi Muller,thembi,Muller,vusi98@webmail.co.za,27,458492193
Charlotte Van Jaarsveld,Charlotte,Van Jaarsveld,natalie.dupreez@modise.co.za,27,116871846
Takalani Goosen,Takalani,Goosen,lydia.paul@gmail.com,27,425419945
Matthew Wilson,Matthew,Wilson,nel.tumelo@engelbrecht.agric.za,27,120213191
Deon Van Jaarsveld,Deon,Van Jaarsveld,mkhanyile@webmail.co.za,27,110355756
tumelo Molepo,tumelo,Molepo,tshepo.vanstaden@vodamail.co.za,27,532601368
Russell Johnson,Russell,Johnson,maleka.andrea@mlangeni.edu.za,27,449022401
Sibusiso Abrahams,Sibusiso,Abrahams,anita.ahmed@yahoo.com,27,174974593
Ivan Mavuso,Ivan,Mavuso,modise.jan@yahoo.com,27,322194545
babalwa Taylor,babalwa,Taylor,joyce85@khosa.web.za,27,172284094
Jackie Mchunu,Jackie,Mchunu,ddupreez@schutte.agric.za,27,272993663
Charl Andrews,Charl,Andrews,mary.street@hughes.nw.school.za,27,480704645
Lloyd van Niekerk,Lloyd,van Niekerk,xkhan@webmail.co.za,27,487011872
zandile Zungu,zandile,Zungu,kumalo.matthew@gmail.com,27,238564844
Marthinus Myburgh,Marthinus,Myburgh,vtruter@pieterse.co.za,27,427956080
Grant Theron,Grant,Theron,nosipho.lubbe@vodamail.co.za,27,172554345
andries Masango,andries,Masango,gerber.xolani@hattingh.gp.school.za,27,281999987
Jean Esterhuizen,Jean,Esterhuizen,boitumelo95@ahmed.mil.za,27,369216735
Personal Van Rooyen,Personal,Van Rooyen,refiloe62@gmail.com,27,459870496
Barend Morgan,Barend,Morgan,cynthia.marx@vodamail.co.za,27,310400963
Carel De Jager,Carel,De Jager,mbele.takalani@gerber.fs.school.za,27,136626413
Alfred Fredericks,Alfred,Fredericks,lmabasa@moonsamy.wcape.school.za,27,161335016
Ernest Dlamini,Ernest,Dlamini,pearl65@motaung.com,27,535304963
Bianca Esterhuizen,Bianca,Esterhuizen,refiloe62@dladla.nw.school.za,27,343463387
nonkululeko De Wet,nonkululeko,De Wet,thompson.zama@hotmail.com,27,326682931
babalwa James,babalwa,James,wayne.wilson@barnes.edu.za,27,152741371
Lizelle Msibi,Lizelle,Msibi,theron.godfrey@mtshali.agric.za,27,534163140
Juanita Otto,Juanita,Otto,fiona.mthethwa@vodamail.co.za,27,578793036
Olivia Jansen,Olivia,Jansen,thompson.michelle@vanderwalt.lp.school.za,27,288269845
Miss Mofokeng,Miss,Mofokeng,ohlatshwayo@brits.kzn.school.za,27,185891526
Liezel Kruger,Liezel,Kruger,motloung.monica@hoffman.mil.za,27,492198206
Linda Olivier,Linda,Olivier,phumzile.mtsweni@manuel.school.za,27,354790604
Rudi Henning,Rudi,Henning,godfrey18@webmail.co.za,27,152232821
Refiloe Bosman,Refiloe,Bosman,martin.monica@majola.web.za,27,143683964
Tumelo Hill,Tumelo,Hill,xafrica@hotmail.com,27,361532190
Anita Khumalo,Anita,Khumalo,thandeka04@khumalo.co.za,27,537375482
Godfrey Parker,Godfrey,Parker,vmkhwanazi@khumalo.wcape.school.za,27,115282306
andries Edwards,andries,Edwards,darren.petersen@davids.org.za,27,458381892
Lerato Pietersen,Lerato,Pietersen,albert.kotze@otto.nw.school.za,27,170119601
Nico Mbatha,Nico,Mbatha,chantel16@gmail.com,27,133959267
Lucas  Ntuli,Lucas, Ntuli,chantel89@ndlovu.ecape.school.za,27,477800346
Alfred Khosa,Alfred,Khosa,xulu.nadine@marx.kzn.school.za,27,440574050
Andiswa Nel,Andiswa,Nel,ubarnes@webmail.co.za,27,176136221
Nicolette Visagie,Nicolette,Visagie,takalani.stander@masilela.co.za,27,231497322
zandile Taylor,zandile,Taylor,thandi10@yahoo.com,27,584668318
Monique Xulu,Monique,Xulu,wmolefe@vodamail.co.za,27,360763334
Zama Moloi,Zama,Moloi,frank13@vodamail.co.za,27,541425627
Dumisani Petersen,Dumisani,Petersen,bongani.vandermerwe@webmail.co.za,27,245431752
Kim Britz,Kim,Britz,leonard.murray@gmail.com,27,586835510
Simone Hoffman,Simone,Hoffman,esterhuizen.rudi@vodamail.co.za,27,435064726
Thembi Ndou,Thembi,Ndou,bell.sonja@webmail.co.za,27,542037760
Your Gouws,Your,Gouws,rachel.oosthuizen@webmail.co.za,27,271327806
Dean Badenhorst,Dean,Badenhorst,mbali.mulder@yahoo.com,27,274098825
Celeste Mathe,Celeste,Mathe,brenda13@hill.mil.za,27,125057273
Thabo Sithole,Thabo,Sithole,julia.kubheka@malinga.wcape.school.za,27,140731988
Bulelwa Evans,Bulelwa,Evans,gavin.miller@hotmail.com,27,212167645
Christopher Mavuso,Christopher,Mavuso,nompumelelo83@hotmail.com,27,341557799
Mohammed Hanekom,Mohammed,Hanekom,tshepo05@botha.grondar.za,27,146488451
Siphiwe Molepo,Siphiwe,Molepo,matlala.olivia@vodamail.co.za,27,544098276
Heather Potgieter,Heather,Potgieter,anortje@hotmail.com,27,437407237
Takalani Van Eeden,Takalani,Van Eeden,ymoses@hotmail.com,27,234315137
Christopher Hattingh,Christopher,Hattingh,karin.vandeventer@gmail.com,27,186552200
Melanie Mouton,Melanie,Mouton,greeff.jennifer@wright.nw.school.za,27,365686064
Grant Claassen,Grant,Claassen,thwala.thandi@gmail.com,27,351940335
Henry Masemola,Henry,Masemola,amanda54@dupreez.mpm.za,27,138330926
Rene Van Dyk,Rene,Van Dyk,teboho.cronje@hotmail.com,27,446101223
Neil Brown,Neil,Brown,next.maritz@hotmail.com,27,228006565
Patrick Mchunu,Patrick,Mchunu,msomi.gerald@naidu.kzn.school.za,27,211845470
Kelebogile Gumede,Kelebogile,Gumede,jwentzel@webmail.co.za,27,454269537
Tshegofatso Clark,Tshegofatso,Clark,sifiso71@hotmail.com,27,227189481
Nonkululeko Singh,Nonkululeko,Singh,koekemoer.anton@webmail.co.za,27,216892482
Sifiso Xulu,Sifiso,Xulu,conrad82@webmail.co.za,27,490287804
Samantha Clarke,Samantha,Clarke,kleynhans.antoinette@oosthuizen.law.za,27,272255543
nkosinathi Cassim,nkosinathi,Cassim,kyle25@arendse.school.za,27,492075262
Walter Matthews,Walter,Matthews,nbrink@vaneeden.mpm.za,27,361930007
Lizelle Liebenberg,Lizelle,Liebenberg,beverley.leroux@vodamail.co.za,27,480618567
Neil Singh,Neil,Singh,tumelo.els@yahoo.com,27,515804130
Nonkululeko Xulu,Nonkululeko,Xulu,gabriel84@nzimande.edu.za,27,474461282
Elizabeth Motloung,Elizabeth,Motloung,tvandermerwe@yahoo.com,27,139760978
Deon Van Dyk,Deon,Van Dyk,frank86@webmail.co.za,27,113248097
Louis Masuku,Louis,Masuku,walker.siphokazi@webmail.co.za,27,475664923
Sifiso Le Roux,Sifiso,Le Roux,ruth13@vodamail.co.za,27,472666847
Kevin Louw,Kevin,Louw,pmuller@vodamail.co.za,27,365054200
Gregory Shabalala,Gregory,Shabalala,twala.siphokazi@naidoo.org.za,27,482955379
Ruth Slabbert,Ruth,Slabbert,letsoalo.phumzile@maree.nw.school.za,27,366181978
Mduduzi Cele,Mduduzi,Cele,mahlangu.maria@swanepoel.ecape.school.za,27,411671747
Faith de Beer,Faith,de Beer,mr.27@moloi.kzn.school.za,27,169677712
Lynette Masuku,Lynette,Masuku,nhlanhla14@gmail.com,27,366534263
Adele Grobler,Adele,Grobler,zandile88@hotmail.com,27,574350362
Lucas  Phillips,Lucas, Phillips,ngubane.craig@gmail.com,27,325222971
Jaco Ntshangase,Jaco,Ntshangase,belinda53@webmail.co.za,27,271091168
Bulelwa Mabasa,Bulelwa,Mabasa,louise26@yahoo.com,27,138170448
Tshegofatso Brown,Tshegofatso,Brown,groenewald.steve@marais.nis.za,27,148261753
Lebohang Mathe,Lebohang,Mathe,henning.thato@viljoen.nis.za,27,452137554
Nkosinathi Mashinini,Nkosinathi,Mashinini,kobus.radebe@webmail.co.za,27,229452146
John Mabunda,John,Mabunda,mpho47@mathebula.com,27,327271807
Terence Edwards,Terence,Edwards,zmtsweni@brink.school.za,27,146108045
Morné Uys,Morné,Uys,loubser.paul@mazibuko.web.za,27,423133193
Louise Rossouw,Louise,Rossouw,stephan.zondo@jacobs.co.za,27,321406572
Abraham Hlatshwayo,Abraham,Hlatshwayo,ybuthelezi@webmail.co.za,27,498990575
Takalani Bosch,Takalani,Bosch,dwright@hotmail.com,27,185741727
Werner Maritz,Werner,Maritz,street.gordon@moodley.ac.za,27,147672021
Bongani De Bruin,Bongani,De Bruin,jbarnard@vodamail.co.za,27,439389298
Christina Pienaar,Christina,Pienaar,bwood@gmail.com,27,115469155
Garth Nortje,Garth,Nortje,dledwaba@robinson.com,27,114157307
Jacobus Green,Jacobus,Green,brink.lerato@vodamail.co.za,27,320190274
Kyle Moses,Kyle,Moses,morne.gumede@swart.mpm.za,27,571416018
Your Zondi,Your,Zondi,masuku.candice@louw.law.za,27,474973457
Lisa Taylor,Lisa,Taylor,contact58@tsotetsi.gp.school.za,27,180379051
Carol Geldenhuys,Carol,Geldenhuys,eugene.mitchell@mbatha.ecape.school.za,27,319133405
Joseph Naude,Joseph,Naude,mokone.danie@miller.ecape.school.za,27,582021131
Jacobus Cele,Jacobus,Cele,christina08@shabalala.agric.za,27,140596416
Megan Koekemoer,Megan,Koekemoer,liezel.ntombela@manuel.com,27,333520528
Julian Gounden,Julian,Gounden,jansen.teboho@gmail.com,27,140494437
Estelle Barnard,Estelle,Barnard,vscheepers@webmail.co.za,27,243292011
Personal Pietersen,Personal,Pietersen,joseph.kelly@gmail.com,27,121263518
Deborah Khuzwayo,Deborah,Khuzwayo,sibongile56@vodamail.co.za,27,530690430
Thabiso Maake,Thabiso,Maake,leon90@maluleka.nw.school.za,27,311470071
Julie Wood,Julie,Wood,catherine.move@gmail.com,27,473129921
Bianca du Toit,Bianca,du Toit,karen.harmse@vodamail.co.za,27,534107599
Simphiwe Mudau,Simphiwe,Mudau,rcilliers@webmail.co.za,27,141191689
Nosipho Gounden,Nosipho,Gounden,xmkhize@robinson.mil.za,27,186049133
Thabiso Kunene,Thabiso,Kunene,fswartz@dutoit.lp.school.za,27,179614598
contact Khuzwayo,contact,Khuzwayo,bongiwe.naidoo@webmail.co.za,27,248052362
Olivia Kekana,Olivia,Kekana,bvanderwalt@ngubane.web.za,27,578098858
Jan Bezuidenhout,Jan,Bezuidenhout,kvanheerden@buys.wcape.school.za,27,583574514
Charlotte Cronje,Charlotte,Cronje,dineo33@gmail.com,27,362132314
Tumelo Modiba,Tumelo,Modiba,samuel60@yahoo.com,27,319252321
Thulani Africa,Thulani,Africa,natalie21@blignaut.ecape.school.za,27,149278209
Natasha Zungu,Natasha,Zungu,bulelwa.scott@yahoo.com,27,583188792
Nicolaas Molefe,Nicolaas,Molefe,dkumar@watson.co.za,27,541400579
Nokuthula Neethling,Nokuthula,Neethling,nbosch@yahoo.com,27,476570716
Sharon Cilliers,Sharon,Cilliers,candice79@yahoo.com,27,366131771
Derek Carstens,Derek,Carstens,cnaidoo@gmail.com,27,353455384
Justin Mashigo,Justin,Mashigo,nadine26@webmail.co.za,27,544710393
lindiwe Francis,lindiwe,Francis,sello57@dhlamini.co.za,27,270002594
Carol Neethling,Carol,Neethling,david74@cupido.edu.za,27,571949486
Teboho Baloyi,Teboho,Baloyi,candice.dlamini@yahoo.com,27,570926076
sibongile Moses,sibongile,Moses,vlabuschagne@webmail.co.za,27,136459379
Greg Mtshali,Greg,Mtshali,padayachee.zanele@mohale.net,27,353284414
Dean Cupido,Dean,Cupido,knaidoo@gmail.com,27,334379562
